date,title,url,content
2025-11-03,ุงููุฌูุฉ ุจูู ุงูููุธู ุงูุนุงุฏู ูุงููุชููุฒ ูุน ุงูุฐูุงุก ุงูุงุตุทูุงุนู,https://www.linkedin.com/posts/maryam-%F0%9F%A7%A0%F0%9F%93%9A-10792a236_%D8%A7%D9%84%D8%B0%D9%83%D8%A7%D8%A1-%D8%A7%D9%84%D8%A7%D8%B5%D8%B7%D9%86%D8%A7%D8%B9%D9%8A-%D9%84%D9%86-%D9%8A%D9%82%D9%84%D9%84-%D8%A7%D9%84%D9%81%D8%AC%D9%88%D8%A9-%D8%A8%D9%8A%D9%86-%D8%A7%D9%84%D9%85%D9%88%D8%B8%D9%81-activity-7391091798690988032-RMRN,"ุงูุฐูุงุก ุงูุงุตุทูุงุนู ูู ูููู ุงููุฌูุฉ ุจูู ุงูููุธู ""ุงูุนุงุฏู"" ูุงูููุธู ""ุงููุชููุฒ"", ุจู ุณูุฒูุฏูุง. ๐ ๐ค

ูุฃู ุงูููุธู ุงููุชููุฒ ุจุทุจูุนุชู ูููุชุญ ุนูู ุงูุชุทูุฑุ ูุฌุฑุจ ุงูุฃุฏูุงุช ุงูุฌุฏูุฏุฉ ุจุฏูู ุชุฑุฏุฏุ ููุชุนุงูู ูุน ุงูุชูููุฉ ููุฑุตุฉ ูุชุนูู ูููุง.
ูุง ููุชุธุฑ ุฅุฐู ูู ุงูุฅุฏุงุฑุฉุ ููุง ูุฎุงู ูุฎุทุฆ. ูุจุฏุฃุ ูุฌุฑุจุ ูููุชุดู ุจููุณู.

ุฃูุง ุงูููุธู ุงูุนุงุฏูุ
ูุฎุงูุ ูุชุฑุฏุฏุ ููุชุธุฑ ุงูุณูุงุญ.
ูุดูู ุงูุฐูุงุก ุงูุงุตุทูุงุนู ูุชูุฏูุฏุ ูู ูุฃุฏุงุฉ ุชุณุงุนุฏู.
ููุน ุงูููุช ุงููุณุงูุฉ ุจููู ูุจูู ุงููุชููุฒ ุชุฒูุฏุ ุฎุทูุฉ ุจุนุฏ ุฎุทูุฉุ ููู ูุตูุฑ ุงููุฑู ูุงุถุญ ูููู.

ูุซุงู ุจุณูุท:
ูู ุงูู Prompt Engineeringุ ุงููุชููุฒ ูุณุฃู ุฃุณุฆูุฉ ุฐููุฉ ูููุงูุฉ ุชูุงุตูู: ุงูุณููุ ุงูููุงูุณููุ ุงูุงุชุฌุงูุงุชุ ูุญุชู ุงูุชุญุฏูุงุช ุงูุฌููุณูุงุณูุฉ.
ุจูููุง ุงูุนุงุฏู ูููู: โุญูู ุงูุณููโ ููุชูุงุฌุฃ ุฅู ุงูุฅุฌุงุจุฉ ุณุทุญูุฉ.

ุงููุฑูุ ูู ูู ุงูุฃุฏุงุฉุ ุงููุฑู ูู ุฌูุฏุฉ ุงูุชูููุฑ.๐ง

ุงููุชููุฒ ูุนุฑู ูููุฒ ุจูู ุงูุฌูุงุจ ุงูุตุญ ูุงูุบูุทุ
ูุญุชู ููุง ูุบูุท ุงูุฐูุงุก ุงูุงุตุทูุงุนูุ ูุนุฑู ูุตุญุญู.

ูููุง ุชุจุฏุฃ ุจูุฆุฉ ุงูุนูู ุชุชุบูุฑโฆ ุงูุจุนุถ ูุชุทูุฑุ ูุงูุจุนุถ ูุญุงูู ูุจุฑุฑ ุชุฃุฎุฑู."
2025-10-30,ุงูุชุฆุงุจ ูุง ุจุนุฏ ุชุญููู ุงูุฃูุฏุงู ูOutrunning Our Dream,,"ุงุฐุง ุญููุช ุงูุฏุงูู ุบุงูุจุง ุฑุงุญ ูุฌูู ""ุงูุชุฆุงุจ"" ุงูุง ูู ุญุงูุฉ ูุญุฏูุ ๐ค

ุจุงูุจุฏุงูุฉ ุจุดุฑุญูู ููุด ูุตูุฑ ูุฐุง ุงูุงูุชุฆุงุจ ุจุนุฏ ุชุญููู ุงูุฃูุฏุงูุ ูุญุชู ุฑูุงุฏ ุงููุถุงุก ุนุงุดูุง ููุณ ุงูุญุงูุฉ ุจุนุฏ ุฑุฌุนุชูู ูู ุงูููุฑ.

ุงูุณุจุจ ุดูุก ูุณูููู Outrunning Our Dreamุ ูุนูู ุชููู ุทูู ุงูููุช ุชุณุนู ูุฑุงุก ุญูููโฆ ุงูุญุฑูุฉ ุงููุงููุฉุ ุงูุณูุฑ ุญูู ุงูุนุงููุ ูุบูุฑูุง.. ุฃูุงู ูุงู ุงููุฏู. ุทูุจ ุญููุชูโฆ ูุจุนุฏููุ ูู ุฃูุช ุฌุงูุฒ ูููุฑุญูุฉ ุงููู ุจุนุฏูุงุ ููู ุฃูุฏุงูู ุงูุฌุฏูุฏุฉุ

ุงููู ูุตูุฑ ุจุจุณุงุทุฉ ุฅูู ุชูุตู ููุฏูู ููุง ุนูุฏู ุดู ุจุนุฏู. ูููุง ูุจุฏุฃ ุงููุฑุงุบ ุงููุณุจุจ ููุงูุชุฆุงุจ.

ูุซุงู ุฑูุงุฏ ุงููุถุงุก: ุจุนุฏ ูุจูุทูู ุนูู ุงูููุฑ ูุงุญุชูู ูููู ุงูุนุงูู ูููุ ุฑุฌุนูุง ููุฃุฑุถ ูุจุฏุฃูุง ูุญุณูู ุจุงูุงูุชุฆุงุจ. ูููุ ูุฃู ูุฏููู ุงูุฃูุจุฑ ุชุญูู ูุญูุงุชูู ูููุง ูุงูุช ุชุฏูุฑ ุญูููุ ูุจุนุฏู ูุง ูุงู ููู ูุฏู ูุงุถุญ ูููููู ููู. ูุงู ูููู ูุชุฌูุจูู ุงูุดุนูุฑ ูุฐุง ูู ุญุทูุง ุฃูุฏุงู ุชุงููุฉ ูุซูุงู ุงุณุชูุดุงู ููุงูุจ ุซุงููุฉ ุฃู ููู ุฎุจุฑุชูู ููุฌุงูุงุช ุฌุฏูุฏุฉ.

ุนุดุงู ุชุชุฌูุจ ูุฐุง ุงูููุน ูู ุงูุงูุชุฆุงุจุ ูุงุฒู ุชููู ุนูุฏู ูุงุฆูุฉ ุฃูุฏุงู ูุชุฌุฏุฏุฉ. ูู ุณุชุฉ ุดููุฑ ุฑุงุฌุนูุงุ ุทูุฑูุงุ ูุฎูู ุฏุงุฆููุง ุฌุงูุฒ ููุฎุทูุฉ ุงููู ุจุนุฏูุง ูุจู ุญุชู ูุง ุชุฎูุต ุงูุญุงููุฉ.

ููู ูุจู ูุซุงู ุญู ุนูู ุดุฎุต ูุง ูููู ุนูุฏ ูุฏู ูุงุญุฏุ ููโุฅูููู ูุงุณูโ ุฃูุถู ูุซุงู: ูู ุงูุตูุงุฑูุฎ ุฅูู ุงูุฐูุงุก ุงูุงุตุทูุงุนูุ ุฅูู ุงููุฑูุฎ ูุจูุงุก ุญูุงุฉ ุจุดุฑูุฉ ููุงู ููู ูุฑุฉ ูุจุฏุฃ ูู ุงูุตูุฑุ ููู ูุฑุฉ ูุดุนู ุดุบูู ูู ุฌุฏูุฏ.๐
ููุฐุง ุจุงูุถุจุท ุณุฑ ุงูุงุณุชูุฑุงุฑ ูุงูุดุบู ุงูุญูููู.๐ฑ"
2025-10-25,ุฃุฏุงุฉ ูููู ููุฑุงูุจุฉ ุฅุนูุงูุงุช ุงูููุงูุณูู,,"ูู ุชุชุฎูู ุฅูู ุชูุฏุฑ ุชุชุงุจุน ูู ุฅุนูุงูุงุช ุงูููุงูุณูู ูู ููุงู ูุงุญุฏุ ูุจุงููุฌุงูุ ๐

ูุงูุนุงุฏุฉุ ูููู ุชูุงุตู ุฅุจูุงุฑูุง ุจุณุฑุนุฉ ุงูุชุทููุฑ ูุงูุดูุงููุฉ.๐
ุงูุขู ุชูุฏุฑ ุชุทูุน ุนูู ุฌููุน ุงูุฅุนูุงูุงุช ุงููุนุฑูุถุฉ ูู ููุทูุชู (ุฃู ุฃู ููุทูุฉ) ุนุจุฑ ูุฐุง ุงูุฑุงุจุท:

๐ https://lnkd.in/ebQBa94f

ุฃุฏุงุฉ ูุฐููุฉ ููุญุชุฑูู ุงูุชุณูููุ ุชุญููู ุงูุญููุงุชุ ููุฑุงูุจุฉ ุชุญุฑูุงุช ุงูุณูู.

ุงุณุชูุชุน ุจุงูุชุญููู! ๐ง๐"
2025-10-15,ุงูุชูููุฑ ุจูุจุฏุฃ ุงูููุฒูุงุก ุงูุฃููู First Principles,,"""ุงูููุฒูุงุก ุงูุงููู"" ุทุฑููุฉ ุชูููุฑ ูุณุชุฎุฏููุง ุงูููู ูุงุณู ูู ุฌููุน ุดุฑูุงุชู ููู ุณุจุจ ูุฌุงุญู..ูุด ุชุนุฑู ุนููุงุ 

ุจุจุณุงุทุฉุ ูู ูููุฌ ุชูููุฑ ูุจุฏุฃ ูู ุงูุตูุฑ.
ุจุฏู ูุง ุชุจูู ุฃููุงุฑู ุนูู ูุง ูู ููุฌูุฏุ ุฃู ุนูู ูุง ุงุนุชุงุฏ ุนููู ุงููุงุณ. 
ุชุฑุฌุน ููุฃุณุงุณุ ููุญูุงุฆู ุงูุฃูููุฉุ ุจุฏูู ุฃู ุงูุชุฑุงุถุงุช ุฌุงูุฒุฉ.

ุชุชุฌุงูู ูู ุดูุก โููุชุฑุถโุ ูุชุจุฏุฃ ูู:
โ ูุด ูุนุฑู ูุนูุงูุ
โ ูุด ูููู ูุนูุฏ ุชุตูุฑูุ
โ ููู ูุณูููุง ูุฐุงุ ูู ููู ุทุฑููุฉ ุฃูุถู ุจุณ ูุง ููุฑูุง ูููุงุ

ุฅูููู ูุงุณู ุทุจููุง ุนูู ุงูุตูุงุฑูุฎ.
ุจุฏู ูุง ููุจู ุจุณุนุฑ 100 ููููู ูุตุงุฑูุฎ ุฑุฌุน ููููููุงุช.
ูู ูููู ุงููุนุฏูุ ูู ุชููู ุงูุฅููุชุฑูููุงุชุ
ูุงูุชุดู ุฅู ุจุงูุฅููุงู ุชุตููุน ุตุงุฑูุฎ ุจุฃูู ูู ุฑุจุน ุงูุณุนุฑ.

ุงูููุฑุฉ ููุง ูู ูู ุงูุตูุงุฑูุฎ 
ุงูููุฑุฉ ุฅูู ุชููู ุงููุดููุฉุ ูุชุนูุฏ ุจูุงุกูุง ูู ุงูุตูุฑ ุจุทุฑููุชู.

ูุฌุฑุจ ูุงูุฃุณุฆูุฉ ูุฏุงู ุฃู ุชุญุฏู ุนูุฏู:

๐ธ ูุด ุฃุนุฑู ูุนูููุง ุนู ูุงูููุถูุนุ
๐ธ ูู ูู ุดูุก ุฃุตุฏูู ุงูุขูโฆ ูุนูุงู ุตุญูุญุ
๐ธ ูู ูุง ูุงู ููู ุฃู ุญู ุฌุงูุฒุ ููู ูููู ุงูุฌุฏ ุญู ูุงุญุฏุ
๐ธ ูุด ุงูุฃุณุงุณ ุงููู ุฃูุฏุฑ ุฃุจุฏุฃ ููู ุจุฏูู ูุง ุฃููุฏ ุฃุญุฏุ

ุทุฑููุฉ โุงูููุฒูุงุก ุงูุฃูููโ ูุง ุชุญุชุงุฌ ุชููู ุนุงูู 
ุชุญุชุงุฌ ุจุณ ุฅูู ุชุชุฌุฑุฃ ุชุณุฃู.
ูุชุนูุฏ ุงูุชูููุฑุ ูุจู ูุง ุชุจุฏุฃ ุงูุชูููุฐ. ๐ง๐"
2025-09-25,ุฅุญุตุงุฆูุงุช ูู ุงูููุชุฏู ุงูุฏููู ููุฃูู ุงูุณูุจุฑุงูู,,"ูู #ุงูููุชุฏู_ุงูุฏููู_ููุฃูู_ุงูุณูุจุฑุงูู
ุงูููุต ุงูุนุงููู ูู ููุงุฑุงุช ุงูุฃูู ุงูุณูุจุฑุงูู ูุณุชูุฑ ๐
ุชุญุฏู ูุจูุฑ ููุฑุตุฉ ููุฌูู ุงูุญุงูู ูุงููุงุฏู. 

ุฅุญุตุงุฆูุงุช ูู ุงูููุชุฏู ุฃุฏูุดุชูู:

 โข ุงููุณุงุก ุชูุซู 32ูช ูู ุงูููุฉ ุงูุนุงููุฉ ูู ุงูุฃูู ุงูุณูุจุฑุงูู ูู ุงูุณุนูุฏูุฉุ ููู ูุณุจุฉ ุฃุนูู ูู ุงููุชูุณุท ุงูุนุงููู (24ูช).

 โข ุงูููุต ุงูุนุงููู ูููุฏุฑ ุจุญูุงูู 2.8 ููููู ูุญุชุฑู.

 โข ููุท 14ูช ูู ุงููุคุณุณุงุช ุชููู ุฅููุง ุชูุชูู ุงูููุงุฑุงุช ุงูุณูุจุฑุงููุฉ ุงููุงููุฉ ุฏุงุฎูููุง.

 โข ูุชูุณุท ุชูููุฉ ุงููุฌูุฉ ุงูุณูุจุฑุงููุฉ ุนุงููููุง ูุตู ุฅูู 4.44 ููููู ุฏููุงุฑ (2025).

 โข ูุณุงููุฉ ุงูุฃูู ุงูุณูุจุฑุงูู ูู ุงููุงุชุฌ ุงููุญูู ุงูุฅุฌูุงูู ุงูุณุนูุฏู ุชุจูุบ 18.5 ูููุงุฑ ุฑูุงู.

 โข ุนุฏุฏ ุงูุนุงูููู ูู ุงููุฌุงู ูู ุงูุณุนูุฏูุฉ ูุฒูุฏ ุนูู 21,000 ูุญุชุฑูุ ูุน ููู ุณููู ููุฏุฑ ุจู9ูช."
2025-09-15,ุฅุนุงุฏุฉ ุจุฑูุฌุฉ ุงูุฏูุงุบ ูุจูุงุก ุนุงุฏุฉ ุงููุฑุงุกุฉ,,"(ุงูุฑุฃ ูุฑุจู ุงูุฃูุฑู )
ููู ุชูุฏุฑ ุชุจุฑูุฌ ุฎูุงูุง ูุฎู ุงูุนุตุจูุฉ ูุชุจูู ูุณุงุฑุงุช ุฌุฏูุฏุฉ ุชุฎูู ุงููุฑุงุกุฉ ููุชุนุฉ ูุณููุฉ ุนูููุ ๐ง 

ูู ุงูุจุฏุงูุฉ ูู ุจุณ ุชุจูู ุนุงุฏุฉ ุงููุฑุงุกุฉุ ุงูููุถูุน ูุญุชุงุฌ ุงูู ุจุฑูุฌุฉ ุงูุฎูุงูุง ุงูุนุตุจูุฉ ูุฃู ูู ุฎููุฉ ูุฑุชุจุทุฉ ุจุนุงุฏุงุชู ูุฃููุงุฑู ุงููุฏููุฉุ ููุงุฒู ุชูุณุฑ ูุฐุง ุงูู pattern ุงููุฏูู ูุชุฎูู ูุงุญุฏ ุฌุฏูุฏ ููู ุญุจ ูุดุบู ูููุฑุงุกุฉ ููู ููุง ุจูู ุณูููุฉ ุจุชุตูุฑ ูุงุฑุฆ.

ุจุงุฎุชุตุงุฑุ ููู ุชุนูุฏ ุจุฑูุฌุฉ ุฎูุงูุงู ุงูุนุตุจูุฉุ
 1. ุงุจุฏุฃ ุชุฏุฑูุฌููุง: 10-15 ุฏูููุฉ ูููููุง ูุงููุฉ ุนุดุงู ุชููุก ุฏูุงุบู ูุชุนูุฏ ุชุดููู ุงูุดุจูุงุช ุงูุนุตุจูุฉ ุงููู ุชุชุญูู ุจุงูุชุฑููุฒ ูุงูููู.
 2. ุงุฑุชุจุท ุนุงุทูููุง: ุงุฎุชุงุฑ ูุชุจ ุชุซูุฑ ูุถูููุ ูุฃู ุฏูุงุบู ูุชุนูู ุฃุณุฑุน ููุง ูููู ูุชุญูุณ ูููุฌุฐุจ.
 3. ุงุณุชูุฑ: ุงูุชูุฑุงุฑ ูุจูู ุงูุนุงุฏุฉุ ููุน ุงูููุช ุจุชุชููู ูุณุงุฑุงุช ุนุตุจูุฉ ุชุฎูู ุงููุฑุงุกุฉ ุฃุณูู ูุฃูุชุน.
 4. ููู ุงููุดุชุชุงุช: ุฃุจุนุฏ ุฌูุงูู ูุงูุฅุดุนุงุฑุงุช ููุช ุงููุฑุงุกุฉ ุนุดุงู ุฏูุงุบู ูุฏุฎู ูู ุญุงูุฉ (Flow).

ูููู ูุณุชุจุฏููู ุงููุชุจ ุจุงูุจูุฏูุงุณุช ุฃู ุงููุชุจ ุงูุตูุชูุฉุ ุงููุฑู ุจุณูุท:
 โข ุนูู ุงูููู: ุงููุฑุงุกุฉ ุชูุดุท ููุงุทู ุฃูุจุฑ ูู ุงูุฏูุงุบ (ุงููุต ุงูุฌุจูู ูุงููุต ุงูุฌุฏุงุฑู) ููุฐุง ูุนุฒุฒ ุงูููู ูุงูุชุญููู ูุงูุชุฎูู.
 โข ุงูุชุญูู ุจุงูุณุฑุนุฉ: ุชูุฏุฑ ุชูููุ ุชููุฑุ ุชูุฎุตุ ุฃู ุชุฑุฌุน ุจุณูููุฉ.
 โข ุงูุฐุงูุฑุฉ ูุงูุชุฑููุฒ: ุงููุงุฑุฆ ูุญุชูุธ ุจุงููุนูููุงุช ููุชุฑุฉ ุฃุทูู ููุงุฑูุฉ ุจุงูุงุณุชูุงุน ุงูุณุฑูุน.
 โข ุชุทููุฑ ุงูููุฑุฏุงุช: ุงููุฑุงุกุฉ ุชูุณุน ููุฑุฏุงุชู ูุชุณุงุนุฏู ุชูุชุจ ุฃูุถู.

ุจุจุณุงุทุฉ: 
ุงููุฑุงุกุฉ ูู ุจุณ ููุงูุฉุ ูู ุชูุฑูู ุนููู ูุฑูุญู. ููุง ุชุจุฏุฃ ุชุณุชูุฑ ูููุงุ ุฏูุงุบู ูุนูุฏ ุชุฑุชูุจ ููุณู ููุฌุนููุง ุนุงุฏุฉ ุทุจูุนูุฉ.๐๐"
2025-10-03,ุขุฏุง ููููุงูุณ ูุฃูู ููุฏ ูู ุงูุชุงุฑูุฎ,,"ุฃูู ูุจุฑูุฌุฉ ูู ุงูุชุงุฑูุฎ ูุงูุช ุงูุฑุฃุฉ!๐ฉ๐ปโ๐ป
ุงุณููุง ""ุขุฏุง ููููุงูุณ"" ููุชุจุช ุฃูู ููุฏ ุนุงู 1843ุ ูุจู ุธููุฑ ุงูููุจููุชุฑ ุจุฃูุซุฑ ูู 100 ุณูุฉ!

ููุนูููุฉ ูููุฉ ููู ูู ูุณุฃู: ๐ค
ูู ุงูุฐูุงุก ุงูุงุตุทูุงุนู ุฑุงุญ ูุณุชุจุฏู ุงููุจุฑูุฌุ 
""ูุง"" ูุฃู ุงููุจุฑูุฌ ูู ุงููู ูุตูุน ุงูุฐูุงุก ุงูุงุตุทูุงุนู๐ค 

ูู ุงูุงุญุชุฑุงู ูุงูุชูุฏูุฑ ููุฐุง ุงููุฌุงู ุงูุนุธูู.๐"
2025-08-25,ุฃุดูุฑ ููุฑุณ ุจุฌุงูุนุฉ ููู: The Science of Well-Being,,"ุนุฑู ูุด ุฃุดูุฑ ููุฑุณ ูู ุชุงุฑูุฎ ุฌุงูุนุฉ ูููุ ููุฑุณ ุบูุฑ ุญูุงุฉ ููุงูููุ ููุนุชุจุฑ ูู ุฃูุซุฑ ุงูููุฑุณุงุช ุดูุฑุฉ ูู ุชุงุฑูุฎ ุงูุชุนููู ุงูุฅููุชุฑููู.

ุงูููุฑุณ ุนุจุงุฑุฉ ุนู ุฑุญูุฉ ุนูููุฉ ูุนูููุฉ ุจุชุฎููู ุชููู:
 โข ููู ุณุนููุง ุฎูู ุฃุดูุงุก ูุนููุฉ (ูุซู ุงููููุณุ ุงูููุตุจุ ุงูุดูุฑุฉ) ูุง ูุฎูููุง ุณุนูุฏูู ูุนููุงุ
 โข ูุด ุงูุนุงุฏุงุช ุงูุจุณูุทุฉ ุงููู ุชุฑูุน ุทุงูุชู ูุชุญุณุณู ุจุงูุฑุถุงุ
 โข ููู ุชุบููุฑ ุทุฑููุฉ ุชูููุฑู ุงูููููุฉ ูุชุจูู ุณููููุงุช ุชุนูุด ูุนู ุทูู ุนูุฑูุ
 โข ูููู ุชุณุชุฎุฏู ูุฏุฑุงุช ุนููู ุจุทุฑููุฉ ุฐููุฉ ุนุดุงู ุชูุตู ูุชูุงุฒู ูุฑุงุญุฉ ููุณูุฉ ูุณุชูุฑุฉุ

ูู ุดู ูู ุงูููุฑุณ ูุจูู ุนูู ุฃุจุญุงุซ ุนูู ุงูููุณ ุงูุฅูุฌุงุจู ูุชูุฏูู ุฏูุชูุฑุฉ ููุฑู ุณุงูุชูุณ ูุดุฎุตููุง ูุงู ููุง ูุถู ูุจูุฑ ุจุนุฏ ุงููู ูู ุชุบููุฑ ูุธุฑุชู ููุญูุงุฉ ูุฃูุง ูู ุงูุนุดุฑููุงุช. ๐ฑ

ุงุณู ุงูููุฑุณ: 
โThe Science of Well-Being
ูุงูููุงุฌุฃุฉุ ุงูููุฑุณ ูุฌุงูู.

ูุตูุญู ูุง ุชุดููู ูุงูุช ูุณุชุนุฌู ุงุณุชูุชุน ุจุงูุฑุญูุฉ ูุทุจู ุงููู ุชุนููุชู. ๐

https://lnkd.in/eEvhrTVu"
2025-08-10,ููุณูุฉ ูุงูุฒู ููุชุญุณูู ุงููุณุชูุฑ,,"ุณุฑ ูุงุจุงูู ุจุณูุท ุบูุฑ ุทุฑููุฉ ุชูููุฑููโฆ ูุตุงุฑ ุงูุชุญุณูู ุงููุณุชูุฑ ุฃุณููุจ ุญูุงุฉ ๐ฏ๐ต

ูู ุงููุงุจุงู ููู ูุตุทูุญ ุงุณูู Kaizen ูุณุชุฎุฏูููู ูุซูุฑ ูู ุงูุจุฒูุณุ ุงูุนูุงูุงุชุ ูุญุชู ุงูุญูุงุฉ ุงูููููุฉ. 
 โ 
ุงูุด ูุนูุงูุ ุชุญุณูู ูุณุชูุฑ.
 โKaizen = ุชุญุณูู ุจุณูุทุ ููููุ ูุชุฑุงูู.

ูุง ุชูุชุธุฑ โุงููุญุธุฉ ุงููุซุงููุฉโ
ุชุจุฏุฃ ุงููููุ ุจุฎุทูุฉ ุตุบูุฑุฉ
ูุจูุฑุฉ ุฎุทูุฉ ุซุงููุฉ
ูุจุนุฏ ุฃุณุจูุน ุชูุงุญุธ ูุฑู
ูุจุนุฏ ุณูุฉุ ุชููู ุดุฎุต ุซุงูู.

ุงูุชุญุณูู ูุง ูุญุชุงุฌ ููุฒู โฆ ูุญุชุงุฌ ุงุณุชูุฑุงุฑูุฉ.
ููุฐุง ูู ุณุฑ Kaizen ๐ฑ 

ุนูุฏูู ูุซู ูููู:
โุฅุฐุง ูุง ุดูุช ุตุงุญุจู ูู 3 ุฃูุงูุ ุฎุฐ ููุชู ูุฑูุฒ ูููโฆ ูููู ุตุงุฑ ุฅูุณุงู ูุฎุชูู.โ
ูุฃู ุงูุชุญุณูู ูููู ูุณุชูุฑ ููุจูู ุญุชู ุฎูุงู ุฃูุงู.

ููู ุงููุบุฉ ุงูุงูุฌููุฒูุฉ ูุงูู ูููุฉ ุชุนุทู ููุณ ุงูููููู ูุฐูู ุงููุงุชุจ ุงูุชุฑุญ ูููุฉ CANI:
 โConstant And Never-ending Improvement  
ุชุญุณูู ูุณุชูุฑโฆ ูุง ููุชูู ุฃุจุฏุงู.

ูุฑุจุทูุง ูู ุฃุณุฆูุฉ ููููุฉ ุชุณุฃููุง ููุณู ูู ููู: 
 โข ูุด ุชุนููุชุ
 โข ูุด ุญุณูุชุ
 โข ูุด ุงุณุชูุชุนุช ูููุ

ููุฐุง ูู ุงููููุงุณ ุงูุญูููู ููููู.

ุจุจุณุงุทุฉ  
ุชุญุชุงุฌ ุชุญุณูู ุจุณูุท ูู ูููโฆ ูุชุฎููู ุฃุณููุจ ุญูุงุฉ  
ูุจุชูุชุดู ูุณุฎุฉ ููู ุญุชู ุฃูุช ูุง ููุช ุชุชุฎูููุง. ๐ฑ"
2025-07-30,ุงูุดุฑูุงุช ุงูุตุบูุฑุฉ ููุงุจู ุงููุจูุฑุฉ: ุฃูู ุชุชุนูู ุฑูุงุฏุฉ ุงูุฃุนูุงูุ,,"ุงูุดุฑูุงุช ุงูุตุบูุฑุฉ vs ุงูุดุฑูุงุช ุงููุจูุฑุฉ  
ูุด ุงูุจูุฆุฉ ุงููู ุชุตูุน ููู ุฑุงุฆุฏ ุฃุนูุงู ุญููููุ 

ุฅุฐุง ูุงู ุชุฑููุฒู ุนูู ุงููุณุงุฑ ุงููุธููู ุงููุงุถุญุ ูุงูุชุฑููุฉุ ูุงููุณููุงุช ุงููุธูููุฉโฆ ูุงูุดุฑูุงุช ุงููุจูุฑุฉ ุบุงูุจูุง ุจุชูุงุณุจู. 
ููู ุงุฐุง ูุฏูู ุชููู ุงูุจุฒูุณ ูู ุฌุฐูุฑูุ ูุชููู ุนูููุฉ ุตุงุญุจ ูุดุฑูุนุ ูุชุทูุฑ ููุงุฑุงุช ุชุตูุน ููู ุดู ูุฎุชููโฆ ุงูุดุฑูุงุช ุงูุตุบูุฑุฉ ูู ุงูููุงู ุงููู ูุตููู.

ุจุจุณุงุทุฉ ูุงูู: 

1. ุชุนูุด ุฑูุงุฏุฉ ุงูุฃุนูุงู ุนูู ุญูููุชูุง  
ูู ุงูุดุฑูุงุช ุงูุตุบูุฑุฉุ ุงูุชุญุฏูุงุช ูุฏุงูู ูู ููู.  
ูู ุจุณ ุชุดูู ูุฑุงุฑุงุช ุฌุงูุฒุฉุ ุฃูุช ุฌุฒุก ูููุง.  
ุชุดูู ููู ูู ุฑูุงู ููุฑู ูููู ูุฑุงุฑ ุจุณูุท ูุบูุฑ ูุณุงุฑ.  
ูุง ุชุญุณ ุฅูู ูุฌุฑุฏ ููุธูโฆ ุชุญุณ ุฅูู ุฌุฒุก ูู ุงูุจูุงุก ูุงููุฌุงุญ.  
ูุชุจุฏุฃ ุชููุฑ ูุฃูู ุตุงุญุจ ุงููุดุฑูุนุ ุญุชู ูู ูุง ููุช ุงููุคุณุณ. 

2. ุชุดูู ุงูุตูุฑุฉ ูุงููุฉ  
ุชุดุชุบู ูู ุฃูุซุฑ ูู ูุณูุ ูุชุจุฏุฃ ุชููู ููู ุงูุฃูุณุงู ูุฑุชุจุทุฉ ุจุจุนุถ ูุชุฃุซุฑ ุนูู ุจุนุถ.  
ููุฐุง ูููู ุชููุงู ูู ุงูุดุฑูุงุช ุงููุจูุฑุฉุ ูุฃู ูู ูุงุญุฏ ูุญุตูุฑ ูู ุดุบูู ุจุณ.

3. ูู ููู ูู ุชุญุฏู ุฌุฏูุฏ  
ุฃูุช ุชุชุนูู ูุฃูู ูุงุฒู ุชุชุนูู.  
ุชุญู ูุดููุงุชุ ุชุจุชูุฑ ุญูููุ ูุชุชุญูู ูุณุคูููุฉ ุญููููุฉ.  
ุงููุชูุฌุฉุ  
ุชุตูุฑ ูุฑูุ ูุงููุ ูุชุนุฑู ุชุฏุจุฑ ุฃููุฑู ูู ุฃู ูููู.

4. ุชุทูุฑู ุณุฑูุน ูู ุงูุญูุงุฉ  
ุชุชุนูู ูุชุทุจู ุจููุณ ุงูููุช.  
ูุง ุชูุชุธุฑ ุฏูุฑุฉ ุฃู ุชูููู ุณููู.  
ุงูุชุนูู ูุตูุฑ ูุน ูู ูููุฉ ููููุฉ.  
ุชุบูุทุ ุชุชุนููุ ุชุตุญุญุ ูุชุดูู ุงููุฑู ูู ููุณู ุฎูุงู ุดููุฑุ ูู ุจุนุฏ ุณููู.

ุงูุฎูุงุตุฉุ  
ุฅุฐุง ูุฏูู ุชุจูู ูุดุฑูุน ุงุจุฏุฃ ูู ุงูุดุฑูุงุช ุงูุตุบูุฑุฉ.  
ูุฃููุง ุชุนููู ุฃุดูุงุก ูุง ุชููุชุจ ูู ุงููุตู ุงููุธููู:  
 โข ุชูููุฑ ุฑุงุฆุฏ ุฃุนูุงู  
 โข ููุงุฑุงุช ูุชุนุฏุฏุฉ  
 โข ููู ููุณูู  
 โข ูุฑููุฉ ูุฐูุงุก ูู ุงูุชุนุงูู  

โุงููุฌุงุญ ูุง ูุฃุชู ูู ููุฉ ุงูููุฑุฉ ููุทุ ุจู ูู ูุฏุฑุฉ ุชูููุฐูุง ูุชุนููู ุงููุณุชูุฑ.โ โ ุฅูููู ูุงุณู"
2025-07-15,ูุชูุงุฒูุฉ ููุงูุฑุง: ุญูู ุชุชุฑู ุงูุญูุงุฉ ุชููุฏู,,"ูุด ูุนูู โNiagara Syndrome โ ูุชูุงุฒูุฉ ููุงูุฑุงโุ ๐

ุชุฎูู ููุณู ูู ููุฑุ ูุง ูุฑุฑุช ููู ุชุฑูุญุ ุจุณ ุฎููุช ุงูุชูุงุฑ ูุณุญุจู.
ุชูุงุฑ ุงูุญูุงุฉุ ุงูุฎููุ ุงูุชุฑุฏุฏุ ูุถุบุท ูู ุดู ุญูุงููู.
ููู ููู ุชููู: โุฎููุง ุชุนุฏูโ ุฃู โุฑุจู ูุณูููุง"" 

ุจุฏูู ูุง ุชููู ูุชุณุฃู:
โุฃูุง ููู ุฑุงูุญุโ

ุจุจุณุงุทุฉ ูุฐู ูู ูุชูุงุฒูุฉ ููุงูุฑุง. ๐
ุชุญุตู ููุณู ุนูุฏ ุงูุญุงูุฉุ ูุงูููุฌ ุฃููู ููู.
ูุชูุชุดู ุฅูู ุชุฃุฎุฑุชุ ูุง ุนุงุฏ ุชูุฏุฑ ุชุบูุฑ ุงููุณุงุฑุ ูุฃูู ูู ุงูุจุฏุงูุฉ ูุง ูุฑุฑุช ุชุชุญูู ูู ุงุชุฌุงูู.

ููู ูุงููุญุธุฉ ุชููู:
โูุง ุณุงุชุฑ! ููู ูุตูุช ููุงููุฑุญูุฉุโ
ููู ุฎูุงุตโฆ ุงูููุช ุฑุงุญุ ูุงูุณููุท ูุฑูุจ.
ูุณุงุนุงุช ูููู ุงูุณููุท ููุณูุ ุฃู ุตุญูุ ุฃู ุญุชู ูุงูู.

ูุซูุฑ ูู ุงููู ููุงุฌูู ุงููููุ ูุงู ูููู ูุชุฌูุจู ูู ุจุณ ููููุง ูู ุงูุจุฏุงูุฉ ููุฑุฑูุง ุจูุถูุญ โููู ูุจุบู ููุตูโ

ูุงูุญูุ
ุงูุญู ูุจุฏุฃ ุจุงูุชุฎุทูุท.
ุฅุฐุง ุญูุงุชู ูููุฉ (ููู ูุฐูู)ุ ููู ุชุนูุดูุง ุจุฏูู ุฎุทุฉุ  
ูุง ููุฌุฏ ูุฌุงุญ ุตุฏูุฉ... ูู ุดุฎุต ูุงุฌุญุ ูุฑุง ูุฌุงุญู ูุนูุ ูุงุฎุชูุงุฑุ ูุงุณุชุนุฏุงุฏ.๐ฏ"
2025-07-01,ุงูุฎุทุฑ ุงูุฏุงุฎูู ูู ุงูุฃูู ุงูุณูุจุฑุงูู ูุฃูููุฉ ุงููุนู,,"ุงูุฏุฑุณ ุงูุฃูู ุงููู ุชุนููุชู ูู ุงูุฃูู ุงูุณูุจุฑุงูู ๐ก๏ธ  
ูุซูุฑ ุดุฑูุงุช ุชุชููุน ุฅู ุงูุชูููุฑ ุฏุงูู ูุฌู ูู ุฌูุฉ ุฎุงุฑุฌูุฉ ูุญุงุทูู ูู ุฎูุงููู ููุฑ ุฌุงูุณ ูู ุฏููุฉ ุซุงููุฉ ููุฑุงู ุดุงุดุฉ ูุงููุงุฏ. 

ููู ุงููุงูุน ูุฎุชูู ุชูุงูุงู ๐  
ุงูููุฑ ุงูุญูููู ุฃุญูุงูุงู ูุฏุงูู ูุนู ูู ูููุ ูุณุชุฎุฏู ุดุจูุฉ ุงูุดุฑูุฉ ูุนูุฏู ุตูุงุญูุงุช ุฏุฎูู ุฒูู ุชูุงูุงู.

ุงููุณุจุฉ ูุฎููุฉ ุฌุฏุงู: 60% ุฅูู 80ูช ูู ุงูุงุฎุชุฑุงูุงุช ุชุตูุฑ ุจุณุจุจ ููุธููู ุฏุงุฎู ุงูุดุฑูุฉ (ุณูุงุก ุจุฎุทุฃ ุฃู ุนู ูุตุฏ).  
ุฃูุง ุงููุฌูุงุช ุงูุฎุงุฑุฌูุฉ ุชูุซู ูู 20ูชุ ุฅูู 40ูชุ.

ุงูุฎุทุฑ ุงูุฃูุจุฑ โูู ุงูุฏุงุฎูโ โ๏ธ ููู ุงูุญูู ุฅู ุงูุชุญูู ููู ูููู. 

ุงูุฎูุงุตุฉ:  
ุฅุฐุง ุงูุดุฑูุงุช ุชูุฏุฑ ุชุชุญูู ุจ 80ูช ูู ุงูุฎุทุฑ ุนู ุทุฑูู ุฑูุน ูุนู ููุธููููุง ููุด ูุง ุชุณูููุงุ  
ุงููุนู ูู ุฃููู ุฌุฏุงุฑ ุญูุงูุฉ ๐ก๏ธ"
2025-06-20,ุงูุชูููุฉ ุงูุบุงุฑูุฉ Sunk Cost ูุงูุงูุณุญุงุจ ุงูุฐูู,,"ูู ุณุฃูุชู:  
ูู ูุฑุงุฑ ูู ุญูุงุชู ุงุณุชูุฑูุช ููู ูู ูุฃูู ุตุญ... ุจุณ ูุฃู ุฃุฎุฐ ููู ููุช ุฃู ูููุณุ ๐ต โฐ 

ูุฐุง ุจุงูุถุจุท ""ุงูุชูููุฉ ุงูุบุงุฑูุฉ Sunk Cost"" ูู ุฃูู ุงูุฏุฑูุณ ุงููู ุชุนููุชูุง ูู ุงูุงูุชุตุงุฏ.  
ูุนูู ุจุจุณุงุทุฉ:  
ุฃูุช ุชุชุฎุฐ ูุฑุงุฑ ููููู ูููุณ ุฃู ุฌูุฏ ุฃู ููุช...  
ูุจุนุฏูู ุชูุชุดู ุฅูู ูุง ูุณุชุงููุ ุจุณ ุจุฏู ูุง ุชููู ูุชูุณุญุจุ ุชููู ููู ูุฃูู ุชููู:  
""ุฎุณุฑุช ุนููู ูุซูุฑุ ูุง ูููุน ุฃููู ุงูุญูู"" ูููุง ุชุจุฏุฃ ุงููุดููุฉ. 

ุงููู ููู ูุนุฑูู ุฅู ุงููุฑุงุฑุงุช ุชุชููู ุจูุงุกู ุนูู ุงููุณุชูุจู ูู ุนูู ุงููุงุถู.  
ูุนูู ุงูุดูุก ุงููู ุฎุณุฑุชู ูุนููุง (ูููุณุ ููุชุ ุชุนุจ) ุฎูุงุต ุฑุงุญุ ูุง ุฑุงุญ ูุฑุฌุน. 

ุงูุณุคุงู ูู:  
ูู ุงูุงุณุชูุฑุงุฑ ููู ุงูููู ุฑุงุญ ูุถูู ูู ุดูุก ุจูุฑูุ ุฃู ุจุณ ูุงุนุฏ ุฃูุงุจุฑ ุนุดุงู ูุง ุฃุญุณ ุฅูู ""ุฎุณุฑุช""ุ 

ูุนุฑูุชู ุจู Sunk Cost ุจุชุบูุฑ ูุธุฑุชู ููุซูุฑ ูู ุงููุดุงุฑูุนุ ุงูุนูุงูุงุชุ ูุญุชู ุนุงุฏุงุชู ุงูููููุฉ.  
ุฃุญูุงููุง ุฃูุถู ูุฑุงุฑ ูู ""ุงูุงูุณุญุงุจ ุงูุฐูู"", ูู ""ุงูุฅุตุฑุงุฑ ุงูุนุงุทูู"". 

ุฃูุซูุฉ ุนูู Sunk Cost:  
 - ุดุฎุต ูููู ูู ูุธููุฉ ุฃู ุชุฎุตุต ูุง ูุญุจู ุจุณ ูุฃูู ุฏุฑุณ ููู 4 ุณููุงุช.  
 - ุดุฑูุฉ ุชุตุฑู ููุงููู ุนูู ููุชุฌ ูุง ููุฌุญุ ุจุณ ุชูุงุตู ุงูุชุฑููุฌ ูู ุนุดุงู ูุง ูุนุชุฑููู ุจุงูุฎุณุงุฑุฉ.  
 - ุชููู ูู ุตุฏุงูุฉ ุฃู ุนูุงูุฉ ุงุฌุชูุงุนูุฉ ูุคุฐูุฉ ุชููู โูุง ูููุน ุฃูุทุนูุงุ ุฅุญูุง ููุง ุนุดุฑุฉ ุนูุฑโ, ุฑุบู ุฅู ุงูุนูุงูุฉ ุชุณุชูุฒูู ููู ูุงุนุฏุฉ ุชุถูู ูู ุดูุก.

ุงูุฎูุงุตุฉ:  
ุฑุงุฌุน ูุฑุงุฑุงุชู ูุงููุคูุฏ ุฃู ูููุง ุชูููุฉ ุบุงุฑูุฉ.  
ุงุนุชุฑู ุจุฎุณุงุฑุชู ูุชูุจููุง ูุชุนูู ูููุงุ ูุฐุง ูู ุงููุฌุงุญ ุงูุญูููู.  
ุฃูุง ูุง ุฃููู ูุณุชุญูู ููุฑุฑ ูุฑุงุฑ ูุง ููู ุฎุณุงุฑุฉ ูุฃููุง ุจุดุฑุ  
ููู ุฃููู: ููู ูุฑุงุฑุงุช ุงูุชูููุฉ ุงูุบุงุฑูุฉุ ูุงุฐุง ุนุฑูุช ุฅูู ุฏุงุฎู ูู ุชูููุฉ ุบุงุฑูุฉ ุนูู ุทูู ุงูุณุญุจ ูููุง."
2025-06-05,ุนุฌูุฉ ุงูุญูุงุฉ ูููุงุณ ุงูุชูุงุฒู ุงูุดุฎุตู,,"ููู ุฃุนุฑู ุฅุฐุง ุญูุงุชู ูุนูุงู โูุชูุงุฒูุฉโ ุฃู ูุงุ  
ุงูููุถูุน ูุงู ุดุงุบู ุชูููุฑู ูุชุฑุฉ.  
ูููู ูุฑูููู:  
โ ุงูุฃูู ูููู โูุงูู ุชูุงุฒู ุญููููุ ูุงุฒู ุฌุงูุจ ูุทุบู ุนูู ุงูุจุงูู.โ  
โ ูุงูุซุงูู ูููู โููู ุชูุงุฒูุ ููู ูุญุชุงุฌ ูุนู ูุฌูุฏ.โ

ูุทุจุนูุง ุฃูุง ูุน ุงููุฑูู ุงูุซุงูู.  
ููู ููุง ุจุฏุฃ ุจุญุซู ุนู ุฃุฏุงุฉ ุชุณุงุนุฏูู ุฃููุณ ูููุง ุชูุงุฒู ุญูุงุชู ุจูุถูุญ. 

ุตุงุฏูุช ุฃุฏุงุฉ ุงุณููุง ุนุฌูุฉ ุงูุญูุงุฉ (Wheel of Life)  
ุดูููุง ุจุณูุท ุฌุฏูุงุ ุฏุงุฆุฑุฉ ููุณููุฉ ูู 9 ุฃูุณุงู:  
 โข ุฌุณุฏุ ุนููุ ุฑูุญ  
 โข ุนูุงูุงุชุ ุญุจุ ุนุงุฆูุฉ  
 โข ุงููุงูุ ุงูุนููุ ุงูููู

ุณุฃูุช ููุณู: ูุด ูุถุนู ูุน ูู ูุญุฏุฉ ููููุ ูู ูุนูุงู ุนูุฏู ุฑุถู ุนูููุ  
ูู ูููู ูุนูุณ ุฃููููุงุชู ุงูุญููููุฉุ

ููุง ุจุฏุฃุช ุฃุฑุงุฌุน ููุณู:  
ุตุญููุงุ  
ุฑูุญููุงุ  
ุงุฌุชูุงุนููุงุ

ุนุฌูุฉ ุงูุญูุงุฉ ุชุจููู ูู ุงูุฎูู ูู ุนุดุงู ุชููู ููุณูุ ููู ุนุดุงู ุชูุงุฌู ููุณู ุจุตุฏู.

ูุด ุชุณูู ุจุนุฏ ูุง ุชููู ุนุฌูุฉ ุงูุญูุงุฉุ  
Ali Abdaal ูู ูุชุงุจู โFeel Good Productivityโ ููุชุฑุญ ููุฑุฉ ุญููุฉ:  
ุชุฎูู ุฅูู ุจุนุฏ ุณูุฉุ ูุงุนุฏ ุนูู ุนุดุงุก ูุน ุตุฏูููุ ูุชููู ูู: ุชุนุงู ุฃูููู ููู ุญูุงุชู ุชุญุณููุช.  
ูุด ุฑุงุญ ุชูููุ  
 โข ูุฏุฑุช ุฃูุชุฒู ุจุงูุฑูุงุถุฉ ูุฃุฎูู ูุฒูู  
 โข ุตุฑุช ุฃูุถู ููุช ุญูููู ูุน ุฃููู  
 โข ุฑุฌุนุช ุฃูุฑุฃ ูุฃุชุฃูู ุจุฏู ูุง ุฃุถูุน ููุชู ููู ุนูู ุงูุฌูุงู

ูุชุฎูู ุฅู ูู ูุงูุชุบููุฑุงุช ุจุฏุฃุช ุจุฎุทูุฉ ุตุบูุฑุฉ ุงุณููุง: ุงููุนู.  
ูุฌุฑุฏ ูุง ุดูุช ุนุฌูุฉ ุงูุญูุงุฉุ ุนุฑูุช ุฅู ุงูุชูุงุฒู ูู ุตุฏูุฉ. ูู ุงุฎุชูุงุฑ ูููู.

ุจุนุฏูุงุ  
ุงุจุฏุฃ ุจุซูุงุซ ุฎุทูุงุช ุจุณูุทุฉ ูู ููู:  
 โข ูููุฉ ุตุญูุฉ (ููู ุฃูุถูุ ูุดู ุจุณูุท)  
 โข ูููุฉ ููููุฉ (ุชุทููุฑ ุจุณูุท ูู ุดุบูู ุฃู ุฏุฑุงุณุชู)  
 โข ูููุฉ ุงุฌุชูุงุนูุฉ (ุฑุณุงูุฉ ูุตุฏููุ ููุงุด ุตุงุฏู ูุน ุดุฎุต ููุฑูุจ.)

ุงูุชูุงุฒู ูุง ูุฌู ุฏูุนุฉ ูุญุฏุฉุ ูู ุณูุณูุฉ ูุฑุงุฑุงุช ุตุบูุฑุฉ ููููุงู.

ุงูุฎูุงุตุฉุ  
ุนุฌูุฉ ุงูุญูุงุฉ ูุง ุฑุงุญ ุชุนุทูู ุญููู ุฌุงูุฒุฉุ ููููุง ุชุนุทูู ูุฑุขุฉ.  
ูููุง ุชุจุฏุฃ ุชุดูู ููุณู ุจุตุฏูุ ุชุนุฑู ูุด ุชุญุณู.

โูุง ูุง ูููุงุณ ูุง ููููู ุชุญุณููู.โ  
ูููุง ุชููุณ ุชูุงุฒู ุญูุงุชูุ ุชุจุฏุฃ ุชุชุญุฑูู ูุญู ุญูุงุฉ ุชุฑุถูู ุฏุงุฎูููุง ูุฎุงุฑุฌููุง.

ููู ุงูุฎุชุงู:  
ุงูููู ุงุฑุฒููุง ุงูุญููุฉ ูู ูุฑุงุฑุงุชูุงุ ูุงูุณูููุฉ ูู ูููุจูุงุ ูุงูููุฉ ุนูู ุงูุชุบููุฑ ูุญู ุงูุฃูุถู. ๐"
2025-05-25,ุซูุงุซุฉ ูุญุฑูุงุช ููุชุญููุฒ: ุฎููุ ูุงูุ ููู,,"ููุช ุฃูุฑุฃ ูุชููู ุฑูุจูุฒุ ูููุชูู ุทุฑุญู ูููุถูุน ุงูุชุญููุฒ ุฏุงุฎู ุจูุฆุงุช ุงูุนูู.  
ุฐูุฑ ุซูุงุซ ุทุฑู ุฑุฆูุณูุฉ ุฃุบูุจ ุงูุดุฑูุงุช ุชุนุชูุฏ ุนูููุงุ ููู ูุญุฏุฉ ูุชุญุช ูู ุจุงุจ ุชูููุฑ.

ุงูุทุฑููุฉ ุงูุฃููู: **ุงูุฎูู ูู ุงูุนูุงุจ**  
ุฃุณููุจ ูุนุชูุฏ ุนูู ุงูุชูุฏูุฏุ ุงูุฎุตูุ ุงูุถุบุท ุงููุณุชูุฑ.  
ูููู ูุดุชุบู ููุชุฑุฉุ ุจุณ ูู ุญู ุทููู ุงููุฏู.  
ุงูุฎูู ูุฎููู ุงููุงุณ ุชุดุชุบู ุจุฏุงูุน ุงููุฌุงุฉุ ูู ุจุฏุงูุน ุงูุฅุจุฏุงุน.  
ูุจุงูููุงูุฉุ ูุง ูุชุนุจ ุงูููุธูุ ูุง ูููุฌุฑ ูู ุงูุฏุงุฎู.

ุงูุทุฑููุฉ ุงูุซุงููุฉ: **ุงูุญูุงูุฒ ุงููุงููุฉ**  
ุตุญูุญ ุฅู ุงูุชูุฏูุฑ ุงููุงุฏู ูููุ ููุนุทู ุฏูุนุฉ ุญููุฉ ุจุงูุจุฏุงูุฉุ  
ุจุณ ุงููุดููุฉ ููุง ุชุตูุฑ ูู ุงููุญุฑู ุงููุญูุฏ.  
ูุจุฏุฃ ุงูุดุฎุต ูุฑุจุท ุงูุฅูุฌุงุฒ ุจุงูููุงุจูุ  
ููุตูุฑ ูุง ูุชุญุฑู ุฅูุง ุฅุฐุง ููู ููุงูุฃุฉ ูุงุถุญุฉ.  
ููุน ุงูููุชุ ุชุชุนุจ ุงูุดุฑูุฉ ูู ุญุฌู ุงูุชููุนุงุชุ ูููู ุงูุญูุงุณ ุฅุฐุง ูุง ุฌุช ุงููููุณ.

ุงูุทุฑููุฉ ุงูุซุงูุซุฉ **ูุงูุฃููู** ูู: **ุงูุชุทููุฑ ุงูุดุฎุตู**  
ููุง ุชุณุงุนุฏ ุงูููุธู ููุจุฑุ ูุชุนูููุ ูููู ููุณูุ ููุดูู ุฃุซุฑ ุดุบููโฆ  
ููุง ูุจุฏุฃ ูุดุชุบู ุจุญุจุ ุจุญูุงุณ ุฏุงุฎููุ ูู ูุฃูู ูุถุบูุท ุฃู ููุชุธุฑ ุดู.  
ููุฐุง ุงูููุน ูู ุงูุชุญููุฒ ูุง ูููู ูุซูุฑุ ูููู ูุนุทู ูุซูุฑ.

**ุงูุฎูุงุตุฉ:**  
ุงูุฅูุณุงู ูุง ูุชุญูุฒ ุฏุงูููุง ุจุงููู ูุฌูู ูู ุงูุฎุงุฑุฌุ  
ุฃููู ุฏุงูุน ูู ููุง ุชูุชุดู ุฅูู ูุง ุชุดุชุบู ุจุณโฆ ุฃูุช ุชุชุทูุฑุ ูุชูููุ ูุชุนุฑู ููุณู ุฃูุซุฑ.

ุงููุชุงุจ ูุนูุงู ุบูุฑ ูุธุฑุชู ูููุถูุน ุงูุชุญููุฒุ ูุฎูุงูู ุฃุณุฃู:  
ูู ูุดุชุบู ูู ุฎููุ  
ููุง ูู ุทูุนุ  
ููุง ูู ุฑุบุจุฉ ุญููููุฉ ุจุงููููุ"
2025-05-10,ุงูุนูู ุงูุญูููู ูุงูุชูุงุถุน ููุงุจู ุบุฑูุฑ ุงููุนุฑูุฉ,,ุงูู... (truncated for brevity)
2025-04-20,ูุงุนุฏุฉ ุงูุฏูููุชูู 2โMinute Rule ูู Atomic Habits,,(ุงูุธุฑ ุฃุนูู) ููุณ ูุต ูุงุนุฏุฉ ุงูุฏูููุชูู ููุง ุฃูุฑุฏูุงู.
2025-04-05,ุนุฌูุฉ ุงููุดุงุนุฑ ูุงููุนู ุงูุฐุงุชู,,(ุงูุธุฑ ุฃุนูู) ููุณ ูุต ุนุฌูุฉ ุงููุดุงุนุฑ.
2025-03-25,ุงูุชุณููู ุงููุงุฏู: ุงูุชุณููู ุฅูู ุงูุฐูุงุก ุงูุงุตุทูุงุนู,,(ุงูุธุฑ ุฃุนูู) ูุต ุงูุชุณููู ุฅูู ุงูุฐูุงุก ุงูุงุตุทูุงุนู.
2025-03-10,ุงูุนูู ุงูุซุงูู Second Brain ููุฅูุชุงุฌูุฉ,,(ุงูุธุฑ ุฃุนูู) ูุต ุงูุนูู ุงูุซุงูู.
2025-02-25,The Winner Effect: ููู ุชุจูู ุงููุฌุงุญุงุช ุนูู ุจุนุถูุง,,(ุงูุธุฑ ุฃุนูู) ูุต Winner Effect.
2025-02-10,ููู ุชุตุจุญ ุฃูุซุฑ ุฅุจุฏุงุนูุง: ููุฉ ุงูููู ูุงูุตูุงู ุนู ุงูุณูุดูุงู,,(ุงูุธุฑ ุฃุนูู) ูุต ุงูุฅุจุฏุงุน ูุงูููู.
2025-01-28,Wabi-sabi ูู ุงูุชุณููู: ุฃุตุงูุฉ ูุจุณุงุทุฉ,,(ุงูุธุฑ ุฃุนูู) ูุต Wabi-sabi.
